{"cameraMode":{"drawMode":0,"name":"Shaded","section":"Shading Mode"},"sceneLighting":false,"audioPlay":false,"sceneViewState":{"showFog":true,"showMaterialUpdate":false,"showSkybox":true,"showFlares":true,"showImageEffects":true,"showParticleSystems":true},"in2DMode":false,"pivot":{"x":0.6944484114646912,"y":0.1544123888015747,"z":-0.04957771301269531},"rotation":{"x":-0.21609018743038178,"y":0.0023554719518870117,"z":-0.0005213532713241875,"w":-0.9763704538345337},"size":3.2163918018341066,"orthographic":false}