{"cameraMode":{"drawMode":0,"name":"Shaded","section":"Shading Mode"},"sceneLighting":false,"audioPlay":false,"sceneViewState":{"showFog":true,"showMaterialUpdate":false,"showSkybox":true,"showFlares":true,"showImageEffects":true,"showParticleSystems":true},"in2DMode":false,"pivot":{"x":43.64400100708008,"y":57.19900131225586,"z":-0.3359999656677246},"rotation":{"x":-0.21609018743038178,"y":0.0023554719518870117,"z":-0.0005213532713241875,"w":-0.9763704538345337},"size":0.6736235022544861,"orthographic":false}