{"cameraMode":{"drawMode":0,"name":"Shaded","section":"Shading Mode"},"sceneLighting":false,"audioPlay":false,"sceneViewState":{"showFog":true,"showMaterialUpdate":false,"showSkybox":true,"showFlares":true,"showImageEffects":true,"showParticleSystems":true},"in2DMode":false,"pivot":{"x":-0.0002650022506713867,"y":1.0251963138580323,"z":-0.14548850059509278},"rotation":{"x":-0.0022734571248292925,"y":0.9975540637969971,"z":-0.0392330139875412,"w":-0.05780648812651634},"size":4.666827201843262,"orthographic":false}