{"cameraMode":{"drawMode":0,"name":"Shaded","section":"Shading Mode"},"sceneLighting":true,"audioPlay":false,"sceneViewState":{"showFog":true,"showMaterialUpdate":false,"showSkybox":true,"showFlares":true,"showImageEffects":true,"showParticleSystems":true},"in2DMode":false,"pivot":{"x":73.08097076416016,"y":128.7399444580078,"z":0.0},"rotation":{"x":0.005690522491931915,"y":0.00541178323328495,"z":0.00003075491986237466,"w":-0.9999691843986511},"size":2.9305360317230226,"orthographic":false}