{"cameraMode":{"drawMode":0,"name":"Shaded","section":"Shading Mode"},"sceneLighting":true,"audioPlay":false,"sceneViewState":{"showFog":true,"showMaterialUpdate":false,"showSkybox":true,"showFlares":true,"showImageEffects":true,"showParticleSystems":true},"in2DMode":false,"pivot":{"x":-0.4626080095767975,"y":3.549592971801758,"z":0.2508544921875},"rotation":{"x":0.03779355436563492,"y":-0.01948944479227066,"z":0.0007372607360593975,"w":0.9990952610969544},"size":22.34644889831543,"orthographic":false}