{"cameraMode":{"drawMode":0,"name":"Shaded","section":"Shading Mode"},"sceneLighting":true,"audioPlay":false,"sceneViewState":{"showFog":true,"showMaterialUpdate":false,"showSkybox":true,"showFlares":true,"showImageEffects":true,"showParticleSystems":true},"in2DMode":false,"pivot":{"x":82.2139663696289,"y":172.74000549316407,"z":0.0},"rotation":{"x":-0.06773887574672699,"y":0.023355960845947267,"z":-0.0015862283762544394,"w":-0.9974284768104553},"size":1.7305361032485963,"orthographic":false}