{"cameraMode":{"drawMode":0,"name":"Shaded","section":"Shading Mode"},"sceneLighting":true,"audioPlay":false,"sceneViewState":{"showFog":true,"showMaterialUpdate":false,"showSkybox":true,"showFlares":true,"showImageEffects":true,"showParticleSystems":true},"in2DMode":false,"pivot":{"x":36.771514892578128,"y":141.1843719482422,"z":0.9826209545135498},"rotation":{"x":0.03779355436563492,"y":-0.01948944479227066,"z":0.0007372607360593975,"w":0.9990952610969544},"size":3.1069700717926027,"orthographic":false}