{"cameraMode":{"drawMode":0,"name":"Shaded","section":"Shading Mode"},"sceneLighting":false,"audioPlay":false,"sceneViewState":{"showFog":true,"showMaterialUpdate":false,"showSkybox":true,"showFlares":true,"showImageEffects":true,"showParticleSystems":true},"in2DMode":false,"pivot":{"x":-0.24315571784973145,"y":0.10920172929763794,"z":0.04555755853652954},"rotation":{"x":-0.1257535219192505,"y":-0.05858268216252327,"z":0.0074390931986272339,"w":-0.9903023838996887},"size":0.9032901525497437,"orthographic":false}