{"cameraMode":{"drawMode":0,"name":"Shaded","section":"Shading Mode"},"sceneLighting":true,"audioPlay":false,"sceneViewState":{"showFog":true,"showMaterialUpdate":false,"showSkybox":true,"showFlares":true,"showImageEffects":true,"showParticleSystems":true},"in2DMode":false,"pivot":{"x":9.541138648986817,"y":35.356571197509769,"z":-0.42310047149658205},"rotation":{"x":0.02818562649190426,"y":-0.011082910001277924,"z":-0.00031255214707925916,"w":-0.9995412230491638},"size":15.53160285949707,"orthographic":false}