{"cameraMode":{"drawMode":0,"name":"Shaded","section":"Shading Mode"},"sceneLighting":true,"audioPlay":false,"sceneViewState":{"showFog":true,"showMaterialUpdate":false,"showSkybox":true,"showFlares":true,"showImageEffects":true,"showParticleSystems":true},"in2DMode":false,"pivot":{"x":29.434993743896486,"y":168.58999633789063,"z":0.0},"rotation":{"x":0.05066251382231712,"y":0.01589035801589489,"z":0.0008061551488935947,"w":-0.9985890984535217},"size":20.733442306518556,"orthographic":false}