{"cameraMode":{"drawMode":0,"name":"Shaded","section":"Shading Mode"},"sceneLighting":false,"audioPlay":false,"sceneViewState":{"showFog":true,"showMaterialUpdate":false,"showSkybox":true,"showFlares":true,"showImageEffects":true,"showParticleSystems":true},"in2DMode":false,"pivot":{"x":3.2823307514190676,"y":1.2317312955856324,"z":2.0672800540924074},"rotation":{"x":-0.06645040959119797,"y":0.34242501854896548,"z":-0.0242873877286911,"w":-0.9368776082992554},"size":5.472430229187012,"orthographic":false}