{"cameraMode":{"drawMode":0,"name":"Shaded","section":"Shading Mode"},"sceneLighting":false,"audioPlay":false,"sceneViewState":{"showFog":true,"showMaterialUpdate":false,"showSkybox":true,"showFlares":true,"showImageEffects":true,"showParticleSystems":true},"in2DMode":false,"pivot":{"x":0.07685334980487824,"y":-0.03568655252456665,"z":0.09725415706634522},"rotation":{"x":-0.003485308960080147,"y":0.9937698245048523,"z":-0.10654974728822708,"w":-0.032506994903087619},"size":22.0,"orthographic":false}