{"cameraMode":{"drawMode":0,"name":"Shaded","section":"Shading Mode"},"sceneLighting":true,"audioPlay":false,"sceneViewState":{"showFog":true,"showMaterialUpdate":false,"showSkybox":true,"showFlares":true,"showImageEffects":true,"showParticleSystems":true},"in2DMode":false,"pivot":{"x":62.72243881225586,"y":183.59207153320313,"z":0.7406005859375},"rotation":{"x":0.03779355436563492,"y":-0.01948944479227066,"z":0.0007372607360593975,"w":0.9990952610969544},"size":57.87746047973633,"orthographic":false}