{"cameraMode":{"drawMode":0,"name":"Shaded","section":"Shading Mode"},"sceneLighting":true,"audioPlay":false,"sceneViewState":{"showFog":true,"showMaterialUpdate":false,"showSkybox":true,"showFlares":true,"showImageEffects":true,"showParticleSystems":true},"in2DMode":false,"pivot":{"x":9.779064178466797,"y":31.243370056152345,"z":2.7492218017578127},"rotation":{"x":0.03779355436563492,"y":-0.01948944479227066,"z":0.0007372607360593975,"w":0.9990952610969544},"size":95.25787353515625,"orthographic":false}